{
  "discount_rate": 0.06,
  "npv_results": {
    "status_quo": {
      "pv_total_costs": 5472871433.235994,
      "pv_capex": 286540084.27867144,
      "pv_fuel": 4513567159.720644,
      "lcoe": 0.31967384301033275
    },
    "green_transition": {
      "pv_total_costs": 3474858711.6413727,
      "pv_capex": 862392775.7922937,
      "pv_fuel": 2112570066.6349256,
      "lcoe": 0.2192353329613505
    },
    "one_grid": {
      "pv_total_costs": 3121544873.466556,
      "pv_capex": 639749739.395462,
      "pv_fuel": 1183925272.3975186,
      "lcoe": 0.17628732497320065
    }
  },
  "incremental": {
    "green_vs_sq": {
      "npv": 2675910847.754138,
      "bcr": 7.640234800801104,
      "fuel_savings": 2400997093.085718
    },
    "og_vs_sq": {
      "npv": 2748824510.4308147,
      "bcr": 3.8097530857503292,
      "fuel_savings": 3329641887.3231254
    }
  },
  "recommendation": {
    "least_cost": "One Grid",
    "recommended": "One Grid"
  }
}