{
  "n_iterations": 1000,
  "scenarios": {
    "status_quo": {
      "mean": 5554129798.396067,
      "std_dev": 1306154283.7545936,
      "p5": 3827168876.719417,
      "p50": 5307869262.832789,
      "p95": 8028320350.346832
    },
    "green_transition": {
      "mean": 3478359129.75214,
      "std_dev": 563323913.4982628,
      "p5": 2691886731.7105126,
      "p50": 3397138172.0797987,
      "p95": 4518845942.0135145
    },
    "one_grid": {
      "mean": 3413820125.8327847,
      "std_dev": 493255946.82713413,
      "p5": 2682216648.021872,
      "p50": 3377660089.1270084,
      "p95": 4313187902.829064
    }
  },
  "ranking_probabilities": {
    "green_transition": 0.407,
    "one_grid": 0.593
  },
  "savings_og_vs_sq": {
    "mean": 2140309672.563282,
    "p5": 801081301.2258157,
    "p95": 3977176021.3348804,
    "prob_positive": 1.0
  }
}