{
  "short": {
    "horizon_info": {
      "label": "Short-term (20 years)",
      "years": 20,
      "end_year": 2046,
      "time_horizon": [
        2026,
        2027,
        2028,
        2029,
        2030,
        2031,
        2032,
        2033,
        2034,
        2035,
        2036,
        2037,
        2038,
        2039,
        2040,
        2041,
        2042,
        2043,
        2044,
        2045,
        2046
      ]
    },
    "scenarios": {
      "bau": {
        "label": "BAU (Diesel)",
        "pv_total_costs_million": 10130.3166309987,
        "pv_capex_million": 404.22444773019697,
        "pv_fuel_million": 9111.354230393265,
        "lcoe_usd_kwh": 0.3985735789209134,
        "total_emissions_mtco2": 32.81602482000001,
        "final_re_share": 0.025715094873973377
      },
      "full_integration": {
        "label": "Full Integration",
        "pv_total_costs_million": 6962.136537742618,
        "pv_capex_million": 3599.25395276215,
        "pv_fuel_million": 1982.751045059466,
        "lcoe_usd_kwh": 0.22646525526365233,
        "total_emissions_mtco2": 23.840047868567957,
        "final_re_share": 0.1816853172785376
      },
      "national_grid": {
        "label": "National Grid",
        "pv_total_costs_million": 6286.557032263208,
        "pv_capex_million": 1423.2859716518233,
        "pv_fuel_million": 4556.52341912283,
        "lcoe_usd_kwh": 0.27083097784913823,
        "total_emissions_mtco2": 17.450668188,
        "final_re_share": 0.4801769668701557
      },
      "islanded_green": {
        "label": "Islanded Green",
        "pv_total_costs_million": 6921.598500742537,
        "pv_capex_million": 1720.4679244414824,
        "pv_fuel_million": 4838.723733965593,
        "lcoe_usd_kwh": 0.2981884786290171,
        "total_emissions_mtco2": 17.557875636,
        "final_re_share": 0.4804513341107072
      },
      "nearshore_solar": {
        "label": "Near-Shore Solar",
        "pv_total_costs_million": 6079.383344894943,
        "pv_capex_million": 1615.804835901873,
        "pv_fuel_million": 4182.342471123207,
        "lcoe_usd_kwh": 0.26190573434198444,
        "total_emissions_mtco2": 15.862432668000002,
        "final_re_share": 0.5286370807325605
      },
      "maximum_re": {
        "label": "Maximum RE",
        "pv_total_costs_million": 5511.1692396338085,
        "pv_capex_million": 2103.9951851116934,
        "pv_fuel_million": 3178.58946471159,
        "lcoe_usd_kwh": 0.23742651925401687,
        "total_emissions_mtco2": 11.713713467999998,
        "final_re_share": 0.681425337814665
      },
      "lng_transition": {
        "label": "LNG Transition",
        "pv_total_costs_million": 4863.03675946567,
        "pv_capex_million": 1706.0992933398277,
        "pv_fuel_million": 2977.417137988208,
        "lcoe_usd_kwh": 0.191334391238382,
        "total_emissions_mtco2": 14.728589288,
        "final_re_share": 0.4736186241468181
      }
    }
  },
  "medium": {
    "horizon_info": {
      "label": "Medium-term (30 years)",
      "years": 30,
      "end_year": 2056,
      "time_horizon": [
        2026,
        2027,
        2028,
        2029,
        2030,
        2031,
        2032,
        2033,
        2034,
        2035,
        2036,
        2037,
        2038,
        2039,
        2040,
        2041,
        2042,
        2043,
        2044,
        2045,
        2046,
        2047,
        2048,
        2049,
        2050,
        2051,
        2052,
        2053,
        2054,
        2055,
        2056
      ]
    },
    "scenarios": {
      "bau": {
        "label": "BAU (Diesel)",
        "pv_total_costs_million": 15682.54713788201,
        "pv_capex_million": 513.3098360743284,
        "pv_fuel_million": 14352.04485013737,
        "lcoe_usd_kwh": 0.43701426334990057,
        "total_emissions_mtco2": 65.84986902000001,
        "final_re_share": 0.014965231414847313
      },
      "full_integration": {
        "label": "Full Integration",
        "pv_total_costs_million": 9035.39956908278,
        "pv_capex_million": 3607.1249025576367,
        "pv_fuel_million": 2328.7590044893805,
        "lcoe_usd_kwh": 0.20395002724026712,
        "total_emissions_mtco2": 46.008110752377554,
        "final_re_share": 0.10692051736167014
      },
      "national_grid": {
        "label": "National Grid",
        "pv_total_costs_million": 8578.689424481561,
        "pv_capex_million": 1561.748979579049,
        "pv_fuel_million": 6321.151158962671,
        "lcoe_usd_kwh": 0.2730020430872634,
        "total_emissions_mtco2": 31.383354923999995,
        "final_re_share": 0.5131594149317188
      },
      "islanded_green": {
        "label": "Islanded Green",
        "pv_total_costs_million": 9559.98996581757,
        "pv_capex_million": 1882.2075962071938,
        "pv_fuel_million": 6940.678449670543,
        "lcoe_usd_kwh": 0.3042298828939262,
        "total_emissions_mtco2": 31.489764035999997,
        "final_re_share": 0.5118423180904406
      },
      "nearshore_solar": {
        "label": "Near-Shore Solar",
        "pv_total_costs_million": 8273.945237631966,
        "pv_capex_million": 1756.8559229682137,
        "pv_fuel_million": 5824.639406791947,
        "lcoe_usd_kwh": 0.2633040832343883,
        "total_emissions_mtco2": 28.869252204,
        "final_re_share": 0.544215172031333
      },
      "maximum_re": {
        "label": "Maximum RE",
        "pv_total_costs_million": 7341.086325514386,
        "pv_capex_million": 2274.081824807444,
        "pv_fuel_million": 4401.937747530328,
        "lcoe_usd_kwh": 0.23361745205812887,
        "total_emissions_mtco2": 21.685211004,
        "final_re_share": 0.6441065693093329
      },
      "lng_transition": {
        "label": "LNG Transition",
        "pv_total_costs_million": 7171.6987893576015,
        "pv_capex_million": 1885.3590054831861,
        "pv_fuel_million": 4681.807233576515,
        "lcoe_usd_kwh": 0.199848572801533,
        "total_emissions_mtco2": 30.023477531999998,
        "final_re_share": 0.4715001647389321
      }
    }
  },
  "long": {
    "horizon_info": {
      "label": "Long-term (50 years)",
      "years": 50,
      "end_year": 2076,
      "time_horizon": [
        2026,
        2027,
        2028,
        2029,
        2030,
        2031,
        2032,
        2033,
        2034,
        2035,
        2036,
        2037,
        2038,
        2039,
        2040,
        2041,
        2042,
        2043,
        2044,
        2045,
        2046,
        2047,
        2048,
        2049,
        2050,
        2051,
        2052,
        2053,
        2054,
        2055,
        2056,
        2057,
        2058,
        2059,
        2060,
        2061,
        2062,
        2063,
        2064,
        2065,
        2066,
        2067,
        2068,
        2069,
        2070,
        2071,
        2072,
        2073,
        2074,
        2075,
        2076
      ]
    },
    "scenarios": {
      "bau": {
        "label": "BAU (Diesel)",
        "pv_total_costs_million": 25608.762775875704,
        "pv_capex_million": 590.6891888384513,
        "pv_fuel_million": 23808.580383820656,
        "lcoe_usd_kwh": 0.5110415509691695,
        "total_emissions_mtco2": 170.48723741999996,
        "final_re_share": 0.009240963142637401
      },
      "full_integration": {
        "label": "Full Integration",
        "pv_total_costs_million": 11722.630322391738,
        "pv_capex_million": 3617.721895269632,
        "pv_fuel_million": 2943.888782292438,
        "lcoe_usd_kwh": 0.18725498176738728,
        "total_emissions_mtco2": 101.91320596359894,
        "final_re_share": 0.06756906792990508
      },
      "national_grid": {
        "label": "National Grid",
        "pv_total_costs_million": 12384.771374893884,
        "pv_capex_million": 1660.138823444355,
        "pv_fuel_million": 9620.142299504529,
        "lcoe_usd_kwh": 0.2835337049491409,
        "total_emissions_mtco2": 81.250539084,